Time,Rad_GHI,Rad_DNI,Tamb,Caudal_salida_vapor_kgh,Potencia_kW,P_salida_barg,T_salida_C
00:00:00,1.08,0,28.24,0,0,2.26,136.63
00:01:00,1.06,0,28.24,0,0,2.25,136.56
00:02:00,1.06,0,28.27,0,0,2.24,136.49
00:03:00,1.03,0,28.33,0,0,2.24,136.43
00:04:00,1.08,0,28.35,0,0,2.23,136.36
00:05:00,1.03,0,28.4,0,0,2.23,136.29
00:06:00,1.08,0,28.5,0,0,2.22,136.22
00:07:00,1.08,0,28.6,0,0,2.22,136.15
00:08:00,1.06,0,28.64,0,0,2.21,136.08
00:09:00,1.06,0,28.56,0,0,2.21,136.03
00:10:00,1.06,0,28.4,0,0,2.2,135.95
00:11:00,1.08,0,28.24,0,0,2.19,135.88
00:12:00,1.08,0,28.15,0,0,2.18,135.82
00:13:00,1.06,0,28.1,0,0,2.18,135.75
00:14:00,1.06,0,28.03,0,0,2.17,135.68
00:15:00,1.06,0,28.04,0,0,2.17,135.62
00:16:00,1.06,0,28.09,0,0,2.16,135.62
00:17:00,1.06,0,28.07,0,0,2.16,135.47
00:18:00,1.06,0,28.03,0,0,2.14,135.47
00:19:00,1.06,0,28.06,0,0,2.14,135.39
00:20:00,1.03,0,28.04,0,0,2.14,135.32
00:21:00,1.06,0,27.86,0,0,2.13,135.27
00:22:00,1.03,0,27.8,0,0,2.13,135.2
00:23:00,1.06,0,27.86,0,0,2.11,135.13
00:24:00,1.06,0,27.93,0,0,2.11,135.07
00:25:00,1.06,0,27.95,0,0,2.11,134.99
00:26:00,1.06,0,27.96,0,0,2.1,134.93
00:27:00,1.03,0,28,0,0,2.1,134.86
00:28:00,1.03,0,28.03,0,0,2.1,134.8
00:29:00,1.06,0,28.01,0,0,2.08,134.72
00:30:00,1.01,0,27.94,0,0,2.08,134.72
00:31:00,1.03,0,27.9,0,0,2.08,134.66
00:32:00,1.06,0,27.94,0,0,2.07,134.53
00:33:00,1.03,0,27.96,0,0,2.07,134.53
00:34:00,1.03,0,27.95,0,0,2.06,134.46
00:35:00,1.06,0,27.94,0,0,2.06,134.39
00:36:00,1.03,0,27.92,0,0,2.05,134.32
00:37:00,1.06,0,27.88,0,0,2.04,134.26
00:38:00,1.03,0,27.85,0,0,2.04,134.19
00:39:00,1.03,0,27.78,0,0,2.03,134.12
00:40:00,1.01,0,27.67,0,0,2.02,134.05
00:41:00,1.03,0,27.59,0,0,2.02,133.99
00:42:00,1.03,0,27.54,0,0,2.01,133.93
00:43:00,1.03,0,27.5,0,0,2.01,133.87
00:44:00,1.03,0,27.47,0,0,2,133.8
00:45:00,1.01,0,27.42,0,0,2,133.74
00:46:00,1.03,0,27.34,0,0,1.99,133.74
00:47:00,1.03,0,27.26,0,0,1.98,133.61
00:48:00,1.01,0,27.26,0,0,1.98,133.53
00:49:00,1.03,0,27.26,0,0,1.98,133.53
00:50:00,1.03,0,27.28,0,0,1.97,133.47
00:51:00,1.03,0,27.28,0,0,1.96,133.39
00:52:00,1.03,0,27.23,0,0,1.97,133.33
00:53:00,1.03,0,27.19,0,0,1.96,133.26
00:54:00,1.03,0,27.23,0,0,1.96,133.19
00:55:00,1.03,0,27.24,0,0,1.94,133.14
00:56:00,1.03,0,27.24,0,0,1.94,133.07
00:57:00,1.01,0,27.23,0,0,1.93,133
00:58:00,1.03,0,27.23,0,0,1.93,132.93
00:59:00,1.06,0,27.25,0,0,1.92,132.86
01:00:00,1.03,0,27.2,0,0,1.92,132.81
01:01:00,1.03,0,27.14,0,0,1.91,132.75
01:02:00,1.01,0,27.11,0,0,1.91,132.75
01:03:00,1.06,0,27.1,0,0,1.91,132.68
01:04:00,1.01,0,27.09,0,0,1.9,132.54
01:05:00,1.01,0,27.1,0,0,1.9,132.54
01:06:00,1.01,0,27.11,0,0,1.88,132.48
01:07:00,1.01,0,27.11,0,0,1.88,132.41
01:08:00,1.01,0,27.09,0,0,1.88,132.36
01:09:00,1.01,0,27.08,0,0,1.87,132.29
01:10:00,1.01,0,27.07,0,0,1.87,132.24
01:11:00,0.99,0,27.06,0,0,1.86,132.17
01:12:00,0.99,0,27.05,0,0,1.86,132.1
01:13:00,1.01,0,27.09,0,0,1.85,132.02
01:14:00,1.01,0,27.17,0,0,1.84,131.96
01:15:00,0.99,0,27.24,0,0,1.84,131.91
01:16:00,0.99,0,27.34,0,0,1.82,131.84
01:17:00,0.99,0,27.4,0,0,1.82,131.78
01:18:00,1.01,0,27.46,0,0,1.82,131.71
01:19:00,0.99,0,27.5,0,0,1.81,131.64
01:20:00,0.96,0,27.55,0,0,1.81,131.64
01:21:00,0.99,0,27.54,0,0,1.81,131.57
01:22:00,0.99,0,27.44,0,0,1.8,131.51
01:23:00,0.99,0,27.38,0,0,1.8,131.43
01:24:00,0.99,0,27.26,0,0,1.8,131.38
01:25:00,0.99,0,27.14,0,0,1.79,131.32
01:26:00,0.99,0,27.14,0,0,1.78,131.27
01:27:00,0.99,0,27.19,0,0,1.77,131.19
01:28:00,1.01,0,27.21,0,0,1.78,131.13
01:29:00,0.96,0,27.25,0,0,1.78,131.08
01:30:00,0.99,0,27.27,0,0,1.76,131
01:31:00,1.01,0,27.32,0,0,1.76,130.95
01:32:00,0.96,0,27.38,0,0,1.75,130.89
01:33:00,0.96,0,27.38,0,0,1.74,130.81
01:34:00,0.96,0,27.34,0,0,1.74,130.81
01:35:00,0.96,0,27.3,0,0,1.73,130.68
01:36:00,0.99,0,27.28,0,0,1.73,130.68
01:37:00,0.99,0,27.33,0,0,1.74,130.55
01:38:00,0.99,0,27.36,0,0,1.72,130.55
01:39:00,0.96,0,27.2,0,0,1.72,130.48
01:40:00,0.96,0,27.14,0,0,1.7,130.43
01:41:00,0.99,0,27.16,0,0,1.7,130.37
01:42:00,0.96,0,27.16,0,0,1.7,130.3
01:43:00,0.96,0,27.11,0,0,1.7,130.23
01:44:00,0.94,0,27.06,0,0,1.68,130.16
01:45:00,0.94,0,27.01,0,0,1.68,130.08
01:46:00,0.96,0,27,0,0,1.68,130.03
01:47:00,0.99,0,27.04,0,0,1.67,129.96
01:48:00,0.94,0,27.04,0,0,1.67,129.9
01:49:00,0.94,0,27.02,0,0,1.65,129.84
01:50:00,0.94,0,26.95,0,0,1.65,129.84
01:51:00,0.99,0,26.88,0,0,1.65,129.78
01:52:00,0.99,0,26.83,0,0,1.65,129.66
01:53:00,0.96,0,26.79,0,0,1.65,129.6
01:54:00,0.94,0,26.76,0,0,1.64,129.6
01:55:00,0.96,0,26.74,0,0,1.64,129.53
01:56:00,0.96,0,26.69,0,0,1.62,129.47
01:57:00,0.94,0,26.65,0,0,1.62,129.4
01:58:00,0.94,0,26.6,0,0,1.62,129.34
01:59:00,0.94,0,26.6,0,0,1.61,129.27
02:00:00,0.96,0,26.58,0,0,1.61,129.21
02:01:00,0.96,0,26.52,0,0,1.61,129.15
02:02:00,0.94,0,26.49,0,0,1.59,129.1
02:03:00,0.96,0,26.53,0,0,1.59,129.04
02:04:00,0.96,0,26.5,0,0,1.59,128.97
02:05:00,0.99,0,26.47,0,0,1.59,128.9
02:06:00,0.91,0,26.46,0,0,1.58,128.9
02:07:00,0.96,0,26.51,0,0,1.58,128.85
02:08:00,0.96,0,26.56,0,0,1.58,128.7
02:09:00,0.94,0,26.58,0,0,1.56,128.7
02:10:00,1.01,0,26.62,0,0,1.56,128.65
02:11:00,0.94,0,26.61,0,0,1.56,128.58
02:12:00,0.94,0,26.58,0,0,1.56,128.53
02:13:00,0.96,0,26.55,0,0,1.56,128.47
02:14:00,0.94,0,26.55,0,0,1.55,128.4
02:15:00,0.94,0,26.55,0,0,1.53,128.32
02:16:00,0.94,0,26.52,0,0,1.53,128.27
02:17:00,0.94,0,26.51,0,0,1.53,128.21
02:18:00,0.94,0,26.5,0,0,1.53,128.15
02:19:00,0.94,0,26.48,0,0,1.52,128.08
02:20:00,0.94,0,26.46,0,0,1.52,128.03
02:21:00,0.94,0,26.44,0,0,1.5,127.96
02:22:00,0.91,0,26.41,0,0,1.5,127.89
02:23:00,0.96,0,26.41,0,0,1.5,127.82
02:24:00,0.91,0,26.41,0,0,1.5,127.82
02:25:00,0.91,0,26.39,0,0,1.5,127.71
02:26:00,0.94,0,26.34,0,0,1.5,127.71
02:27:00,0.91,0,26.32,0,0,1.49,127.65
02:28:00,0.94,0,26.31,0,0,1.49,127.6
02:29:00,0.94,0,26.32,0,0,1.47,127.53
02:30:00,0.94,0,26.32,0,0,1.47,127.47
02:31:00,0.94,0,26.37,0,0,1.47,127.41
02:32:00,0.94,0,26.46,0,0,1.46,127.35
02:33:00,0.91,0,26.35,0,0,1.46,127.29
02:34:00,0.94,0,26.27,0,0,1.46,127.23
02:35:00,0.91,0,26.31,0,0,1.44,127.17
02:36:00,0.94,0,26.37,0,0,1.44,127.09
02:37:00,0.94,0,26.44,0,0,1.44,127.04
02:38:00,0.94,0,26.34,0,0,1.43,127.04
02:39:00,0.91,0,26.25,0,0,1.43,126.97
02:40:00,0.94,0,26.17,0,0,1.43,126.92
02:41:00,0.96,0,26.1,0,0,1.43,126.79
02:42:00,0.91,0,26.04,0,0,1.42,126.79
02:43:00,0.89,0,26.02,0,0,1.41,126.73
02:44:00,0.89,0,25.98,0,0,1.41,126.66
02:45:00,0.94,0,25.95,0,0,1.41,126.59
02:46:00,0.89,0,25.82,0,0,1.41,126.53
02:47:00,0.91,0,25.67,0,0,1.4,126.46
02:48:00,0.94,0,25.67,0,0,1.4,126.4
02:49:00,0.94,0,25.79,0,0,1.4,126.34
02:50:00,0.91,0,25.85,0,0,1.4,126.29
02:51:00,0.94,0,25.78,0,0,1.39,126.22
02:52:00,0.94,0,25.7,0,0,1.37,126.15
02:53:00,0.94,0,25.65,0,0,1.37,126.08
02:54:00,0.94,0,25.54,0,0,1.37,126.08
02:55:00,0.91,0,25.44,0,0,1.36,126.03
02:56:00,0.91,0,25.4,0,0,1.36,125.97
02:57:00,0.91,0,25.34,0,0,1.36,125.83
02:58:00,0.91,0,25.29,0,0,1.36,125.83
02:59:00,0.94,0,25.28,0,0,1.35,125.77
03:00:00,0.91,0,25.26,0,0,1.35,125.69
03:01:00,0.91,0,25.27,0,0,1.35,125.63
03:02:00,0.91,0,25.32,0,0,1.34,125.55
03:03:00,0.91,0,25.37,0,0,1.33,125.51
03:04:00,0.94,0,25.4,0,0,1.33,125.45
03:05:00,0.91,0,25.4,0,0,1.33,125.38
03:06:00,0.91,0,25.33,0,0,1.32,125.33
03:07:00,0.91,0,25.28,0,0,1.32,125.27
03:08:00,0.89,0,25.26,0,0,1.32,125.21
03:09:00,0.91,0,25.26,0,0,1.3,125.15
03:10:00,0.89,0,25.19,0,0,1.3,125.15
03:11:00,0.89,0,25.1,0,0,1.3,125.09
03:12:00,0.94,0,25.03,0,0,1.3,125.01
03:13:00,0.89,0,24.99,0,0,1.29,124.89
03:14:00,0.91,0,24.99,0,0,1.29,124.89
03:15:00,0.86,0,24.98,0,0,1.29,124.83
03:16:00,0.94,0,24.98,0,0,1.29,124.77
03:17:00,0.89,0,24.99,0,0,1.27,124.71
03:18:00,0.86,0,25.05,0,0,1.27,124.66
03:19:00,0.89,0,25.13,0,0,1.28,124.59
03:20:00,0.86,0,25.18,0,0,1.27,124.53
03:21:00,0.89,0,25.21,0,0,1.26,124.48
03:22:00,0.86,0,25.21,0,0,1.26,124.41
03:23:00,0.86,0,25.14,0,0,1.26,124.34
03:24:00,0.86,0,25.08,0,0,1.25,124.28
03:25:00,0.89,0,25.03,0,0,1.25,124.22
03:26:00,0.84,0,25.04,0,0,1.24,124.16
03:27:00,0.89,0,25.07,0,0,1.24,124.16
03:28:00,0.89,0,25.15,0,0,1.24,124.04
03:29:00,0.86,0,25.21,0,0,1.24,124.04
03:30:00,0.84,0,25.25,0,0,1.22,123.98
03:31:00,0.86,0,25.31,0,0,1.21,123.92
03:32:00,0.86,0,25.33,0,0,1.21,123.85
03:33:00,0.84,0,25.31,0,0,1.21,123.8
03:34:00,0.86,0,25.22,0,0,1.2,123.73
03:35:00,0.86,0,25.16,0,0,1.2,123.68
03:36:00,0.84,0,25.13,0,0,1.2,123.62
03:37:00,0.86,0,25.14,0,0,1.2,123.56
03:38:00,0.86,0,25.08,0,0,1.19,123.48
03:39:00,0.84,0,25.06,0,0,1.18,123.41
03:40:00,0.86,0,25.06,0,0,1.18,123.34
03:41:00,0.84,0,25.05,0,0,1.18,123.29
03:42:00,0.84,0,25.05,0,0,1.18,123.29
03:43:00,0.86,0,24.99,0,0,1.18,123.23
03:44:00,0.84,0,24.97,0,0,1.17,123.16
03:45:00,0.84,0,24.94,0,0,1.17,123.04
03:46:00,0.84,0,24.93,0,0,1.16,123.04
03:47:00,0.84,0,24.95,0,0,1.16,122.99
03:48:00,0.84,0,24.99,0,0,1.15,122.93
03:49:00,0.84,0,24.96,0,0,1.15,122.86
03:50:00,0.84,0,24.9,0,0,1.14,122.8
03:51:00,0.86,0,24.89,0,0,1.14,122.73
03:52:00,0.84,0,24.87,0,0,1.13,122.68
03:53:00,0.86,0,24.82,0,0,1.13,122.61
03:54:00,0.81,0,24.75,0,0,1.13,122.54
03:55:00,0.84,0,24.79,0,0,1.12,122.46
03:56:00,0.84,0,24.8,0,0,1.12,122.41
03:57:00,0.84,0,24.81,0,0,1.12,122.35
03:58:00,0.84,0,24.86,0,0,1.1,122.35
03:59:00,0.84,0,24.88,0,0,1.1,122.29
04:00:00,0.81,0,24.84,0,0,1.11,122.17
04:01:00,0.89,0,24.82,0,0,1.11,122.11
04:02:00,0.86,0,24.84,0,0,1.1,122.11
04:03:00,0.84,0,24.84,0,0,1.1,122.06
04:04:00,0.81,0,24.82,0,0,1.09,121.99
04:05:00,0.84,0,24.81,0,0,1.09,121.92
04:06:00,0.86,0,24.8,0,0,1.08,121.86
04:07:00,0.84,0,24.8,0,0,1.08,121.81
04:08:00,0.84,0,24.79,0,0,1.08,121.76
04:09:00,0.84,0,24.77,0,0,1.08,121.7
04:10:00,0.84,0,24.74,0,0,1.06,121.64
04:11:00,0.81,0,24.73,0,0,1.06,121.59
04:12:00,0.81,0,24.72,0,0,1.06,121.54
04:13:00,0.81,0,24.69,0,0,1.06,121.47
04:14:00,0.79,0,24.71,0,0,1.06,121.41
04:15:00,0.84,0,24.73,0,0,1.06,121.34
04:16:00,0.84,0,24.74,0,0,1.05,121.34
04:17:00,0.84,0,24.75,0,0,1.04,121.29
04:18:00,0.84,0,24.77,0,0,1.04,121.24
04:19:00,0.81,0,24.78,0,0,1.04,121.16
04:20:00,0.81,0,24.77,0,0,1.03,121.12
04:21:00,0.81,0,24.78,0,0,1.03,121.05
04:22:00,0.84,0,24.79,0,0,1.03,121
04:23:00,0.84,0,24.76,0,0,1.01,120.93
04:24:00,0.79,0,24.74,0,0,1.01,120.86
04:25:00,0.84,0,24.71,0,0,1.01,120.81
04:26:00,0.81,0,24.69,0,0,1.01,120.75
04:27:00,0.79,0,24.66,0,0,1.01,120.7
04:28:00,0.81,0,24.62,0,0,1,120.64
04:29:00,0.84,0,24.59,0,0,1,120.57
04:30:00,0.81,0,24.56,0,0,1,120.57
04:31:00,0.79,0,24.54,0,0,0.98,120.46
04:32:00,0.81,0,24.5,0,0,1,120.4
04:33:00,0.81,0,24.5,0,0,0.98,120.4
04:34:00,0.79,0,24.5,0,0,0.98,120.34
04:35:00,0.79,0,24.48,0,0,0.98,120.29
04:36:00,0.81,0,24.49,0,0,0.98,120.23
04:37:00,0.81,0,24.48,0,0,0.97,120.18
04:38:00,0.79,0,24.51,0,0,0.97,120.11
04:39:00,0.79,0,24.5,0,0,0.97,120.05
04:40:00,0.81,0,24.53,0,0,0.95,119.99
04:41:00,0.76,0,24.54,0,0,0.95,119.93
04:42:00,0.79,0,24.54,0,0,0.95,119.89
04:43:00,0.81,0,24.51,0,0,0.95,119.82
04:44:00,0.81,0,24.5,0,0,0.95,119.75
04:45:00,0.76,0,24.48,0,0,0.94,119.7
04:46:00,0.79,0,24.45,0,0,0.94,119.64
04:47:00,0.79,0,24.42,0,0,0.94,119.64
04:48:00,0.76,0,24.4,0,0,0.93,119.53
04:49:00,0.79,0,24.39,0,0,0.93,119.53
04:50:00,0.79,0,24.38,0,0,0.93,119.47
04:51:00,0.79,0,24.35,0,0,0.92,119.41
04:52:00,0.76,0,24.38,0,0,0.92,119.35
04:53:00,0.79,0,24.38,0,0,0.92,119.28
04:54:00,0.81,0,24.4,0,0,0.91,119.22
04:55:00,0.76,0,24.41,0,0,0.91,119.16
04:56:00,0.79,0,24.45,0,0,0.91,119.11
04:57:00,0.76,0,24.47,0,0,0.89,119.06
04:58:00,0.79,0,24.45,0,0,0.9,119
04:59:00,0.79,0,24.42,0,0,0.89,118.95
05:00:00,0.76,0,24.41,0,0,0.89,118.89
05:01:00,0.76,0,24.4,0,0,0.89,118.82
05:02:00,0.79,0,24.38,0,0,0.89,118.76
05:03:00,0.76,0,24.35,0,0,0.88,118.7
05:04:00,0.79,0,24.32,0,0,0.88,118.65
05:05:00,0.76,0,24.29,0,0,0.88,118.59
05:06:00,0.74,0,24.3,0,0,0.87,118.59
05:07:00,0.81,0,24.3,0,0,0.87,118.54
05:08:00,0.76,0,24.3,0,0,0.86,118.47
05:09:00,0.79,0,24.29,0,0,0.86,118.42
05:10:00,0.76,0,24.27,0,0,0.86,118.37
05:11:00,0.79,0,24.24,0,0,0.86,118.31
05:12:00,0.74,0,24.26,0,0,0.86,118.25
05:13:00,0.74,0,24.31,0,0,0.85,118.2
05:14:00,0.79,0,24.33,0,0,0.85,118.13
05:15:00,0.74,0,24.35,0,0,0.84,118.06
05:16:00,0.76,0,24.4,0,0,0.84,118.02
05:17:00,0.76,0,24.44,0,0,0.84,117.96
05:18:00,0.76,0,24.45,0,0,0.82,117.9
05:19:00,0.74,0,24.41,0,0,0.82,117.9
05:20:00,0.76,0,24.39,0,0,0.82,117.79
05:21:00,0.76,0,24.39,0,0,0.81,117.74
05:22:00,0.74,0,24.38,0,0,0.82,117.74
05:23:00,0.76,0,24.38,0,0,0.81,117.67
05:24:00,0.76,0,24.35,0,0,0.81,117.62
05:25:00,0.74,0,24.32,0,0,0.81,117.58
05:26:00,0.76,0,24.28,0,0,0.8,117.52
05:27:00,0.74,0,24.27,0,0,0.8,117.44
05:28:00,0.74,0,24.26,0,0,0.8,117.39
05:29:00,0.76,0,24.23,0,0,0.8,117.33
05:30:00,0.76,0,24.21,0,0,0.8,117.28
05:31:00,0.74,0,24.18,0,0,0.8,117.25
05:32:00,0.76,0,24.17,0,0,0.78,117.17
05:33:00,0.74,0,24.17,0,0,0.78,117.11
05:34:00,0.74,0,24.13,0,0,0.78,117.06
05:35:00,0.76,0,24.16,0,0,0.77,116.99
05:36:00,0.79,0,24.2,0,0,0.77,116.95
05:37:00,0.76,0,24.24,0,0,0.77,116.88
05:38:00,0.74,0,24.18,0,0,0.77,116.88
05:39:00,0.76,0,24.13,0,0,0.77,116.82
05:40:00,0.74,0,24.09,0,0,0.77,116.77
05:41:00,0.74,0,24.06,0,0,0.76,116.73
05:42:00,0.76,0,24.03,0,0,0.75,116.68
05:43:00,0.74,0,23.98,0,0,0.75,116.61
05:44:00,0.74,0,23.83,0,0,0.75,116.53
05:45:00,0.74,0,23.73,0,0,0.74,116.49
05:46:00,0.76,0,23.64,0,0,0.74,116.43
05:47:00,0.74,0,23.66,0,0,0.73,116.36
05:48:00,0.74,0,23.63,0,0,0.73,116.3
05:49:00,0.74,0,23.6,0,0,0.73,116.24
05:50:00,0.72,0,23.55,0,0,0.73,116.24
05:51:00,0.74,0,23.5,0,0,0.72,116.18
05:52:00,0.76,0,23.39,0,0,0.72,116.12
05:53:00,0.74,0,23.35,0,0,0.72,116.01
05:54:00,0.76,0,23.34,0,0,0.71,116.01
05:55:00,0.74,0,23.36,0,0,0.71,115.95
05:56:00,0.76,0,23.37,0,0,0.71,115.9
05:57:00,0.74,0,23.36,0,0,0.71,115.84
05:58:00,0.76,0,23.38,0,0,0.71,115.78
05:59:00,0.74,0,23.36,0,0,0.71,115.72
06:00:00,0.74,0,23.39,0,0,0.69,115.67
06:01:00,0.74,0,23.42,0,0,0.69,115.61
06:02:00,0.74,0,23.45,0,0,0.69,115.57
06:03:00,0.74,0,23.46,0,0,0.69,115.51
06:04:00,0.74,0,23.48,0,0,0.69,115.46
06:05:00,0.74,0,23.48,0,0,0.69,115.39
06:06:00,0.74,0,23.48,0,0,0.68,115.39
06:07:00,0.74,0,23.48,0,0,0.68,115.33
06:08:00,0.74,0,23.46,0,0,0.67,115.28
06:09:00,0.74,0,23.43,0,0,0.67,115.23
06:10:00,0.72,0,23.4,0,0,0.68,115.17
06:11:00,0.74,0,23.38,0,0,0.67,115.13
06:12:00,0.74,0,23.35,0,0,0.67,115.07
06:13:00,0.74,0,23.34,0,0,0.66,115.01
06:14:00,0.74,0,23.34,0,0,0.66,114.97
06:15:00,0.74,0,23.34,0,0,0.66,114.91
06:16:00,0.72,0,23.36,0,0,0.65,114.84
06:17:00,0.72,0,23.35,0,0,0.65,114.79
06:18:00,0.74,0,23.36,0,0,0.64,114.75
06:19:00,0.74,0,23.36,0,0,0.64,114.7
06:20:00,0.72,0,23.36,0,0,0.64,114.63
06:21:00,0.69,0,23.41,0,0,0.64,114.58
06:22:00,0.74,0,23.45,0,0,0.64,114.58
06:23:00,0.72,0,23.46,0,0,0.64,114.48
06:24:00,0.69,0,23.46,0,0,0.63,114.43
06:25:00,0.72,0,23.5,0,0,0.63,114.43
06:26:00,0.74,0,23.63,0,0,0.63,114.38
06:27:00,0.74,0,23.78,0,0,0.64,114.32
06:28:00,0.74,0,23.88,0,0,0.62,114.26
06:29:00,0.72,0,23.96,0,0,0.62,114.21
06:30:00,0.72,0,24.04,0,0,0.62,114.16
06:31:00,0.74,0,24.18,0,0,0.62,114.11
06:32:00,0.72,0,24.3,0,0,0.62,114.05
06:33:00,0.74,0,24.34,0,0,0.62,113.99
06:34:00,0.74,0,24.34,0,0,0.62,113.94
06:35:00,0.72,0,24.39,0,0,0.62,113.88
06:36:00,0.72,0,24.4,0,0,0.61,113.84
06:37:00,0.72,0,24.41,0,0,0.6,113.78
06:38:00,0.74,0,24.41,0,0,0.61,113.78
06:39:00,0.72,0,24.41,0,0,0.6,113.72
06:40:00,0.74,0,24.48,0,0,0.6,113.67
06:41:00,0.74,0,24.53,0,0,0.6,113.58
06:42:00,0.74,0,24.59,0,0,0.59,113.58
06:43:00,0.74,0,24.65,0,0,0.58,113.52
06:44:00,0.74,0,24.65,0,0,0.58,113.46
06:45:00,0.72,0,24.67,0,0,0.58,113.42
06:46:00,0.72,0,24.7,0,0,0.58,113.35
06:47:00,0.74,0,24.69,0,0,0.58,113.3
06:48:00,0.74,0,24.68,0,0,0.58,113.24
06:49:00,0.74,0,24.67,0,0,0.57,113.19
06:50:00,0.72,0,24.67,0,0,0.57,113.15
06:51:00,0.74,0,24.68,0,0,0.57,113.09
06:52:00,0.72,0,24.73,0,0,0.57,113.04
06:53:00,0.72,0,24.79,0,0,0.57,112.99
06:54:00,0.72,0,24.83,0,0,0.56,112.99
06:55:00,0.74,0,24.76,0,0,0.56,112.88
06:56:00,0.74,0,24.67,0,0,0.56,112.88
06:57:00,0.74,0,24.62,0,0,0.55,112.77
06:58:00,0.74,0,24.61,0,0,0.55,112.77
06:59:00,0.74,0,24.59,0,0,0.55,112.71
07:00:00,0.72,0,24.58,0,0,0.54,112.67
07:01:00,0.69,0,24.47,0,0,0.53,112.61
07:02:00,0.72,0,24.46,0,0,0.53,112.55
07:03:00,0.74,0,24.32,0,0,0.53,112.5
07:04:00,0.74,0,24.3,0,0,0.53,112.44
07:05:00,0.69,0,24.27,0,0,0.53,112.37
07:06:00,0.74,0,24.2,0,0,0.53,112.33
07:07:00,0.72,0,24.18,0,0,0.53,112.27
07:08:00,0.72,0,24.15,0,0,0.53,112.23
07:09:00,0.72,0,24.09,0,0,0.52,112.16
07:10:00,0.72,0,23.99,0,0,0.52,112.12
07:11:00,0.74,0,23.9,0,0,0.52,112.12
07:12:00,0.74,0,23.84,0,0,0.51,112.02
07:13:00,0.74,0,23.78,0,0,0.51,111.96
07:14:00,0.69,0,23.71,0,0,0.5,111.96
07:15:00,0.74,0,23.67,0,0,0.5,111.91
07:16:00,0.74,0,23.61,0,0,0.5,111.85
07:17:00,0.72,0,23.59,0,0,0.5,111.79
07:18:00,0.72,0.05,23.53,0,0,0.5,111.73
07:19:00,0.69,0.32,23.48,0,0,0.49,111.69
07:20:00,0.72,1.09,23.46,0,0,0.49,111.63
07:21:00,0.72,2.71,23.44,0,0,0.49,111.58
07:22:00,0.72,5.45,23.43,0,0,0.49,111.51
07:23:00,13.17,9.48,23.44,0,0,0.49,111.46
07:24:00,16.72,14.86,23.42,0,0,0.49,111.41
07:25:00,16.72,21.56,23.49,0,0,0.48,111.36
07:26:00,16.75,29.49,23.51,0,0,0.48,111.36
07:27:00,16.72,38.53,23.54,0,0,0.47,111.25
07:28:00,16.72,48.52,23.52,0,0,0.47,111.19
07:29:00,16.72,59.33,23.51,0,0,0.46,111.14
07:30:00,23.83,70.81,23.5,0,0,0.47,111.14
07:31:00,25.62,82.83,23.53,0,0,0.46,111.08
07:32:00,25.62,95.28,23.57,0,0,0.46,111.04
07:33:00,25.62,108.04,23.6,0,0,0.46,110.98
07:34:00,25.62,121.02,23.6,0,0,0.46,110.92
07:35:00,25.6,134.15,23.61,0,0,0.46,110.88
07:36:00,32.7,147.35,23.64,0,0,0.46,110.83
07:37:00,32.7,160.57,23.69,0,0,0.45,110.77
07:38:00,32.7,173.76,23.76,0,0,0.44,110.71
07:39:00,32.73,186.88,23.78,0,0,0.44,110.67
07:40:00,39.81,199.88,23.81,0,0,0.44,110.6
07:41:00,39.84,212.75,23.81,0,0,0.44,110.55
07:42:00,39.81,225.46,23.83,0,0,0.43,110.55
07:43:00,39.84,238,23.85,0,0,0.43,110.5
07:44:00,46.9,250.34,23.88,0,0,0.43,110.41
07:45:00,46.92,262.48,23.92,0,0,0.43,110.41
07:46:00,46.92,274.41,23.99,0,0,0.43,110.35
07:47:00,46.92,286.12,24.07,0,0,0.43,110.3
07:48:00,54.08,297.61,24.14,0,0,0.43,110.23
07:49:00,54.03,308.88,24.2,0,0,0.42,110.19
07:50:00,54.08,319.92,24.25,0,0,0.42,110.14
07:51:00,54.1,330.73,24.37,0,0,0.4,110.1
07:52:00,62.93,341.32,24.44,0,0,0.4,110.05
07:53:00,62.93,351.69,24.46,0,0,0.4,109.99
07:54:00,62.93,361.83,24.51,0,0,0.41,109.93
07:55:00,70.06,371.76,24.55,0,0,0.4,109.89
07:56:00,70.01,381.47,24.58,0,0,0.4,109.83
07:57:00,70.04,390.97,24.63,0,0,0.4,109.79
07:58:00,73.61,400.26,24.71,0,0,0.4,109.79
07:59:00,77.19,409.35,24.8,0,0,0.4,109.68
08:00:00,77.17,418.24,24.85,0,0,0.39,109.63
08:01:00,80.67,426.93,24.83,0,0,0.4,109.63
08:02:00,84.28,435.44,24.88,0,0,0.4,109.59
08:03:00,84.3,443.75,24.97,0,0,0.39,109.53
08:04:00,84.33,451.89,25.05,0,0,0.38,109.49
08:05:00,91.43,459.85,25.13,0,0,0.38,109.43
08:06:00,91.41,467.64,25.23,0,0,0.37,109.39
08:07:00,91.46,475.26,25.31,0,0,0.38,109.33
08:08:00,100.28,482.71,25.39,0,0,0.38,109.29
08:09:00,100.33,490,25.5,0,0.43,0.37,109.23
08:10:00,100.36,497.14,25.62,0,0.43,0.37,109.13
08:11:00,107.49,504.13,25.69,0,0.43,0.37,109.03
08:12:00,107.47,510.97,25.79,0,0.43,0.36,108.94
08:13:00,107.47,517.66,25.87,0,0.43,0.36,108.86
08:14:00,114.57,524.22,25.87,0,0.43,0.34,108.86
08:15:00,114.65,530.64,25.86,0,0.43,0.34,108.67
08:16:00,114.62,536.93,25.96,0,0.43,0.35,108.57
08:17:00,121.76,543.08,26.12,0,0.43,0.34,108.57
08:18:00,121.76,549.12,26.26,0,0.43,0.34,108.48
08:19:00,122.96,555.03,26.38,0,0.43,0.33,108.38
08:20:00,130.65,560.82,26.48,0,2.13,0.31,108.27
08:21:00,130.65,566.49,26.54,0,3,0.31,108.15
08:22:00,135.97,572.05,26.62,0,1.92,0.31,108.02
08:23:00,137.84,577.51,26.7,0,2.62,0.31,107.89
08:24:00,137.84,582.85,26.7,0,2.67,0.31,107.77
08:25:00,144.94,588.09,26.61,0,2.56,0.3,107.65
08:26:00,144.97,593.23,26.71,0,2.91,0.29,107.5
08:27:00,144.94,598.27,26.79,0,2.94,0.29,107.36
08:28:00,152.1,603.22,26.92,0,2.89,0.28,107.23
08:29:00,152.08,608.07,26.97,0,3.15,0.28,107.09
08:30:00,157.49,612.83,27.04,0,3.26,0.27,107.09
08:31:00,159.24,617.5,27.05,0,3.2,0.26,106.93
08:32:00,159.28,622.08,27.14,0,3.46,0.25,106.64
08:33:00,168.11,626.58,27.28,0,3.6,0.25,106.64
08:34:00,168.16,630.99,27.43,0,3.65,0.24,106.49
08:35:00,168.13,635.33,27.61,0,3.79,0.22,106.33
08:36:00,175.34,639.59,27.72,0,3.96,0.22,106.18
08:37:00,175.36,643.77,27.83,0,4.05,0.22,106.02
08:38:00,180.66,647.87,27.93,0,4.06,0.22,105.85
08:39:00,182.5,651.91,28.06,0,4.17,0.21,105.7
08:40:00,182.5,655.87,28.19,0,4.44,0.2,105.53
08:41:00,189.61,659.76,28.29,0,4.53,0.2,105.37
08:42:00,189.61,663.59,28.3,0,4.59,0.19,105.2
08:43:00,191.47,667.35,28.27,0,4.56,0.17,105.05
08:44:00,198.55,671.04,28.27,0,4.87,0.17,104.88
08:45:00,198.58,674.67,28.3,0,4.92,0.16,104.71
08:46:00,205.69,678.24,28.35,0,5.02,0.16,104.54
08:47:00,205.69,681.75,28.38,0,5.33,0.16,104.54
08:48:00,212.92,685.21,28.37,0,5.31,0.14,104.37
08:49:00,212.92,688.6,28.49,0,5.59,0.14,104.02
08:50:00,219.98,691.94,28.61,0,5.64,0.13,104.02
08:51:00,219.98,695.22,28.7,0,5.76,0.13,103.85
08:52:00,227.18,698.45,28.59,0,5.78,0.12,103.66
08:53:00,227.16,701.63,28.53,0,6.21,0.1,103.5
08:54:00,227.21,704.76,28.4,0,6.19,0.1,103.31
08:55:00,236.03,707.83,28.29,0,6.06,0.1,103.12
08:56:00,236.11,710.86,28.17,0,6.49,0.08,102.95
08:57:00,237.87,713.84,28.11,0,6.6,0.08,102.79
08:58:00,243.26,716.77,28.02,0,6.59,0.07,102.62
08:59:00,243.29,719.66,28.03,0,6.8,0.07,102.43
09:00:00,248.34,722.5,28.11,0,6.96,0.07,102.25
09:01:00,250.44,725.3,28.22,0,6.9,0.06,102.07
09:02:00,250.44,728.05,28.37,0,6.96,0.05,102.07
09:03:00,257.58,730.77,28.47,0,7.46,0.05,101.91
09:04:00,257.58,733.44,28.56,0,7.2,0.05,101.55
09:05:00,264.76,736.07,28.75,0,7.43,0.04,101.55
09:06:00,269.81,738.67,28.94,0,7.89,0.02,101.37
09:07:00,273.73,741.22,29.14,0,8.01,0.02,101.21
09:08:00,273.73,743.74,29.19,0,7.9,0.01,101.04
09:09:00,280.84,746.21,29.18,0,8.09,0.01,100.89
09:10:00,280.89,748.66,29.3,0,8.25,0.01,100.71
09:11:00,282.63,751.06,29.39,0,8.18,0.01,100.56
09:12:00,288.02,753.44,29.57,0,8.48,0,100.39
09:13:00,288.02,755.77,29.65,0,8.59,0,100.23
09:14:00,295.15,758.08,29.71,0,8.61,0,100.07
09:15:00,295.15,760.35,29.85,0,8.76,0,99.93
09:16:00,302.34,762.59,29.86,0,8.97,0,99.82
09:17:00,304.13,764.8,29.99,0,9.52,0,99.74
09:18:00,304.1,766.97,30.03,0,9.15,0,99.92
09:19:00,311.26,769.12,30.01,0,9.3,0,99.92
09:20:00,316.68,771.24,30.03,0,9.54,0,99.83
09:21:00,318.44,773.33,30.19,0,9.81,0,99.71
09:22:00,318.47,775.38,30.34,0,9.92,0,99.71
09:23:00,325.6,777.41,30.53,0,10.11,0,99.58
09:24:00,325.65,779.42,30.84,0,10.41,0,99.45
09:25:00,325.65,781.39,31.06,0,10.14,0,99.31
09:26:00,332.81,783.34,31.18,0,10.14,0,99.17
09:27:00,332.83,785.26,31.31,0,10.54,0,99.03
09:28:00,336.36,787.16,31.39,0,10.68,0,98.91
09:29:00,341.78,789.03,31.48,0,10.61,0,98.79
09:30:00,341.78,790.88,31.43,0,10.8,0,98.66
09:31:00,348.96,792.7,31.41,0,11.05,0,98.55
09:32:00,354.25,794.5,31.52,0,11.06,0,98.43
09:33:00,356.09,796.28,31.35,0,11.31,0,98.31
09:34:00,356.12,798.03,31.15,0,11.58,0,98.31
09:35:00,356.14,799.76,30.99,0,11.57,0,98.07
09:36:00,363.25,801.47,30.99,0,11.83,0,98.07
09:37:00,363.27,803.15,31.11,0,11.52,0,97.96
09:38:00,366.68,804.82,30.82,0,11.48,0,97.84
09:39:00,370.43,806.46,30.92,0,12.24,0,97.72
09:40:00,377.27,808.08,30.59,0,12.45,0,97.61
09:41:00,379.38,809.68,30.4,0,12.24,0,97.5
09:42:00,379.4,811.26,30.33,0,12.31,0,97.39
09:43:00,386.51,812.83,30.23,0,12.34,0,97.29
09:44:00,386.54,814.37,30.26,0,12.75,0,97.19
09:45:00,386.54,815.89,30.59,0,12.98,0,97.09
09:46:00,393.79,817.4,30.99,0,12.56,0,96.98
09:47:00,393.84,818.88,31.33,0,13.28,0,96.88
09:48:00,400.9,820.35,31.61,0,13.5,0,96.79
09:49:00,400.9,821.8,31.91,0,13.04,0,96.7
09:50:00,400.92,823.23,32.16,0,13.59,0,96.6
09:51:00,408.13,824.65,32.43,0,14.06,0,96.6
09:52:00,409.9,826.04,32.7,0,13.71,0,96.42
09:53:00,411.66,827.43,32.87,0,13.66,0,96.55
09:54:00,417.13,828.79,32.57,0,14.59,0,96.65
09:55:00,417.1,830.14,32.06,0,14.6,0,96.65
09:56:00,424.26,831.47,32.13,0,14.26,0,96.8
09:57:00,424.24,832.79,32.29,0,14.51,0,96.94
09:58:00,431.44,834.09,32.44,0,15.38,0,97.2
09:59:00,431.44,835.37,32.71,0,15.2,0.01,97.48
10:00:00,436.81,836.64,32.89,0,15.01,0.01,97.8
10:01:00,438.65,837.9,33.05,0,15.31,0.03,98.14
10:02:00,438.67,839.14,33.04,0,15.66,0.04,98.47
10:03:00,440.39,840.37,33.12,0,15.47,0.05,98.82
10:04:00,447.52,841.58,33.19,0,16,0.06,99.13
10:05:00,447.55,842.78,33.24,0,15.85,0.07,99.49
10:06:00,454.68,843.96,33.36,0,16.07,0.07,99.81
10:07:00,454.65,845.13,33.36,0,16,0.08,99.81
10:08:00,454.7,846.29,33.45,0,15.75,0.1,100.14
10:09:00,461.91,847.44,33.66,0,16.99,0.1,100.49
10:10:00,461.91,848.57,33.93,0,16.67,0.12,100.83
10:11:00,461.96,849.69,34.14,0,16.48,0.13,101.2
10:12:00,461.96,850.79,34.33,0,16.83,0.14,101.55
10:13:00,469.04,851.89,34.43,0,16.85,0.16,101.89
10:14:00,469.17,852.97,34.47,0,16.85,0.16,102.25
10:15:00,469.14,854.04,34.33,0,16.72,0.17,102.6
10:16:00,474.39,855.09,34.26,0,17.05,0.19,102.95
10:17:00,483.41,856.14,34.26,0,17.56,0.2,103.31
10:18:00,485.22,857.17,34.36,0,17.06,0.22,103.69
10:19:00,492.38,858.2,34.53,0,17.46,0.23,104.07
10:20:00,492.38,859.21,34.4,0,18.25,0.24,104.44
10:21:00,499.36,860.21,34.34,0,17.97,0.26,104.84
10:22:00,499.49,861.2,34.3,0,18.01,0.27,104.84
10:23:00,506.69,862.18,34.29,0,18.23,0.29,105.27
10:24:00,506.77,863.15,34.33,0,18.95,0.31,106.09
10:25:00,506.74,864.1,34.34,0,18.86,0.32,106.53
10:26:00,515.69,865.05,34.35,0,18.75,0.34,106.53
10:27:00,513.9,865.99,34.43,0,19.18,0.35,106.94
10:28:00,515.71,866.91,34.58,0,18.88,0.37,107.37
10:29:00,515.71,867.83,34.55,0,19.01,0.39,107.8
10:30:00,522.87,868.74,34.68,0,19.75,0.41,108.22
10:31:00,522.85,869.63,34.59,0,19.09,0.43,108.67
10:32:00,528.24,870.52,34.53,0,19.65,0.44,109.12
10:33:00,530.03,871.4,34.47,0,20.17,0.46,109.54
10:34:00,537.06,872.27,34.44,0,19.93,0.49,110.01
10:35:00,537.21,873.13,34.59,0,20.5,0.5,110.45
10:36:00,537.21,873.98,34.46,0,20.28,0.54,110.9
10:37:00,537.21,874.82,34.09,0,21.1,0.55,111.35
10:38:00,546.18,875.65,33.88,0,20.44,0.57,111.35
10:39:00,546.13,876.47,33.56,0,20.29,0.59,112.28
10:40:00,546.16,877.29,33.67,0,20.87,0.61,112.73
10:41:00,546.16,878.09,33.61,0,21.47,0.64,113.22
10:42:00,550.37,878.89,33.6,0,20.67,0.64,113.22
10:43:00,553.34,879.68,33.83,0,20.94,0.67,113.68
10:44:00,560.5,880.46,34.06,0,21.62,0.7,114.13
10:45:00,560.5,881.23,34.29,0,21.64,0.73,114.61
10:46:00,567.68,882,34.35,0,21.07,0.75,115.09
10:47:00,567.66,882.75,34.36,0,21.84,0.77,115.55
10:48:00,567.68,883.5,34.57,0,22.11,0.8,116.03
10:49:00,574.81,884.24,34.71,0,21.7,0.82,116.53
10:50:00,574.84,884.98,34.89,0,21.68,0.85,117
10:51:00,576.58,885.7,34.75,0,22.43,0.87,117.46
10:52:00,583.78,886.42,34.36,0,22.12,0.9,117.96
10:53:00,583.76,887.13,34.37,0,22.18,0.92,118.44
10:54:00,585.57,887.84,34.31,0,22.24,0.95,118.91
10:55:00,589.15,888.53,33.56,0,21.97,0.98,119.37
10:56:00,590.97,889.22,33.45,0,22.47,1.01,119.86
10:57:00,590.99,889.9,33.65,0,22.6,1.04,119.86
10:58:00,595.6,890.58,33.59,0,22.22,1.07,120.35
10:59:00,598.15,891.24,33.14,0,22.78,1.09,120.84
11:00:00,598.1,891.91,32.71,0,22.71,1.13,121.31
11:01:00,601.7,892.56,32.79,0,22.7,1.15,121.79
11:02:00,605.28,893.21,32.74,0,22.87,1.18,122.26
11:03:00,605.23,893.85,32.81,0,22.76,1.22,122.74
11:04:00,605.23,894.48,32.86,0,23.47,1.24,123.23
11:05:00,612.39,895.11,32.75,0,23.06,1.27,123.73
11:06:00,612.39,895.73,32.47,0,23.01,1.31,124.19
11:07:00,614.23,896.35,32.25,0,23,1.33,124.68
11:08:00,621.31,896.96,32.23,0,23.85,1.37,125.15
11:09:00,621.31,897.56,32.26,0,23.2,1.4,125.63
11:10:00,621.31,898.15,32.26,0,23.37,1.43,126.1
11:11:00,621.31,898.74,32.4,0,23.68,1.46,126.6
11:12:00,628.05,899.33,32.33,0,23.36,1.5,126.6
11:13:00,628.57,899.91,31.96,0,23.31,1.52,127.08
11:14:00,628.45,900.48,32.1,0,23.65,1.56,127.55
11:15:00,635.68,901.05,32.16,0,23.93,1.6,128.02
11:16:00,635.7,901.61,32.52,0,23.47,1.64,128.52
11:17:00,635.73,902.16,32.66,0,23.7,1.67,128.99
11:18:00,639.35,902.71,32.34,0,23.87,1.71,129.45
11:19:00,639.72,903.25,32.16,0,24.38,1.75,129.95
11:20:00,642.83,903.79,32.06,0,23.75,1.78,130.44
11:21:00,642.83,904.32,32,0,23.61,1.81,130.91
11:22:00,646.36,904.85,32,0,23.63,1.85,131.37
11:23:00,650.04,905.37,32,0,23.66,1.9,131.85
11:24:00,651.76,905.89,32.09,0,23.48,1.93,132.31
11:25:00,654.82,906.4,32.07,0,23.93,1.96,132.75
11:26:00,658.91,906.91,31.88,0,24.69,2,132.75
11:27:00,658.96,907.41,31.72,0,23.9,2.05,133.22
11:28:00,658.91,907.9,31.75,0,24.1,2.08,133.7
11:29:00,666.05,908.39,31.61,0,24.56,2.12,134.16
11:30:00,666.02,908.88,31.47,0,24.42,2.16,134.64
11:31:00,666.02,909.36,31.54,0,24.15,2.21,135.13
11:32:00,666.02,909.83,31.61,0,24.48,2.24,135.58
11:33:00,667.71,910.3,31.59,0,24.94,2.29,136.05
11:34:00,673.13,910.77,31.59,0,24.95,2.32,136.54
11:35:00,673.18,911.23,31.47,0,24.82,2.38,137.02
11:36:00,676.71,911.69,31.41,0,25.36,2.41,137.49
11:37:00,680.26,912.14,31.33,0,24.73,2.47,137.98
11:38:00,680.26,912.59,31.39,0,24.37,2.5,138.46
11:39:00,680.24,913.03,31.28,0,25.32,2.55,138.93
11:40:00,689.16,913.46,31.19,0,25.76,2.6,139.39
11:41:00,689.19,913.9,31.16,0,25.07,2.64,139.9
11:42:00,689.14,914.33,31.19,0,24.77,2.69,139.9
11:43:00,689.16,914.75,30.99,0,24.82,2.73,140.82
11:44:00,696.32,915.17,30.95,0,25.57,2.78,141.3
11:45:00,696.32,915.58,31.03,0,24.88,2.83,141.77
11:46:00,696.32,915.99,31.02,0,24.97,2.88,141.77
11:47:00,696.3,916.4,30.98,0,25.53,2.93,142.24
11:48:00,696.32,916.8,30.88,0,26,2.98,142.73
11:49:00,696.3,917.2,30.91,0,25.16,3.02,143.24
11:50:00,696.3,917.59,31.08,0,25.05,3.07,143.69
11:51:00,696.27,917.98,31.24,0,25.69,3.13,144.15
11:52:00,696.27,918.37,31.27,0,25.25,3.17,144.63
11:53:00,696.25,918.75,31.32,0,25.5,3.23,145.1
11:54:00,703.45,919.13,31.28,0,25.37,3.28,145.58
11:55:00,703.43,919.5,31.23,0,25.91,3.34,146.04
11:56:00,707.03,919.87,31.29,0,25.82,3.39,146.52
11:57:00,710.51,920.23,31.35,0,24.6,3.43,146.99
11:58:00,710.51,920.59,31.28,0,25.88,3.49,146.99
11:59:00,712.35,920.95,31.23,0,26.22,3.54,147.44
12:00:00,715.9,921.3,31.08,0,25.15,3.61,148.41
12:01:00,719.46,921.65,30.93,0,25.9,3.66,148.88
12:02:00,719.41,922,30.81,0,26.24,3.71,149.35
12:03:00,719.41,922.34,30.96,0,26.54,3.77,149.35
12:04:00,719.41,922.68,30.98,0,25.54,3.82,149.81
12:05:00,723.01,923.01,30.8,0,26.67,3.88,150.26
12:06:00,726.57,923.34,30.84,0,26.85,3.94,150.73
12:07:00,726.57,923.67,30.88,0,26.11,4,151.21
12:08:00,726.52,923.99,30.76,0,26.43,4.06,151.69
12:09:00,728.33,924.31,30.7,0,26.52,4.12,152.15
12:10:00,728.31,924.63,30.91,0,26.64,4.18,152.63
12:11:00,733.6,924.94,31.05,0,26,4.24,153.1
12:12:00,735.44,925.25,31.11,0,26.8,4.3,153.56
12:13:00,739.02,925.55,31.05,0,26.12,4.36,154.02
12:14:00,739.61,925.85,31.04,0,26.09,4.42,154.47
12:15:00,740.81,926.15,30.84,0,26.54,4.49,154.94
12:16:00,740.78,926.45,30.79,0,26.27,4.55,155.42
12:17:00,740.78,926.74,30.74,0,27.23,4.6,155.88
12:18:00,740.81,927.03,30.6,0,25.88,4.68,156.33
12:19:00,740.83,927.31,30.62,0,27,4.75,156.33
12:20:00,747.87,927.59,30.64,0,26.44,4.81,156.79
12:21:00,747.82,927.87,30.77,0,27.28,4.87,157.26
12:22:00,747.87,928.14,30.79,0,26.87,4.95,157.73
12:23:00,747.87,928.41,30.75,0,26.53,5,158.2
12:24:00,747.84,928.68,30.67,0,27.94,5.08,158.65
12:25:00,747.87,928.95,30.76,0,27.67,5.12,159.11
12:26:00,747.87,929.21,30.79,0,26.68,5.12,159.4
12:27:00,751.5,929.47,31.01,28,28.68,5.15,159.51
12:28:00,756.79,929.72,31.06,29,29.47,5.21,159.72
12:29:00,756.82,929.97,31.02,25,29.24,5.24,160.08
12:30:00,760.39,930.22,30.97,26,27.85,5.24,160.28
12:31:00,762.18,930.47,30.84,30,28.74,5.25,160.32
12:32:00,762.18,930.71,30.75,34,30.97,5.26,160.37
12:33:00,763.07,930.95,30.76,39,30.66,5.25,160.39
12:34:00,763.92,931.18,30.77,39,30.56,5.26,160.37
12:35:00,763.04,931.42,30.97,39,31.01,5.26,160.38
12:36:00,763.38,931.65,31.11,41,31.51,5.26,160.38
12:37:00,762.94,931.87,31.23,44,31.53,5.26,160.39
12:38:00,771.25,932.1,31.17,43,30.53,5.26,160.39
12:39:00,771.25,932.32,31.09,42,30.85,5.26,160.4
12:40:00,772.92,932.53,31.11,44,31.62,5.26,160.39
12:41:00,771.23,932.75,31.12,43,31.73,5.26,160.38
12:42:00,778.29,932.96,31.21,46,32.18,5.26,160.39
12:43:00,773.02,933.17,31.13,45,32.71,5.26,160.39
12:44:00,771.25,933.38,31.16,47,32.1,5.26,160.4
12:45:00,771.25,933.58,31.11,44,30.68,5.26,160.38
12:46:00,778.31,933.78,31.12,47,31.43,5.27,160.39
12:47:00,778.31,933.98,31.13,46,31.65,5.26,160.42
12:48:00,785.47,934.17,31.06,48,32.65,5.26,160.38
12:49:00,785.47,934.36,31.11,50,32.56,5.26,160.41
12:50:00,783.68,934.55,31.07,48,31.25,5.26,160.39
12:51:00,785.47,934.74,31.02,47,31.9,5.26,160.39
12:52:00,785.45,934.92,31.07,47,33.43,5.26,160.39
12:53:00,785.45,935.1,31.03,49,31.21,5.26,160.42
12:54:00,787.19,935.28,30.9,46,31.97,5.26,160.42
12:55:00,787.24,935.45,31.01,46,32.45,5.26,160.42
12:56:00,785.47,935.63,31.15,47,32.16,5.26,160.42
12:57:00,788.46,935.79,31.12,47,31.59,5.26,160.43
12:58:00,787.36,935.96,31.09,49,32.6,5.26,160.42
12:59:00,792.58,936.13,31.07,49,32.91,5.26,160.4
13:00:00,787.24,936.29,31.09,46,31.91,5.26,160.42
13:01:00,787.24,936.44,31.2,46,31.71,5.25,160.42
13:02:00,789.07,936.6,31.34,49,31.11,5.26,160.41
13:03:00,792.63,936.75,31.39,45,31.36,5.25,160.39
13:04:00,794.37,936.9,31.38,49,31.92,5.26,160.4
13:05:00,794.39,937.05,31.32,48,32.34,5.26,160.4
13:06:00,794.39,937.2,31.23,48,31.77,5.26,160.42
13:07:00,799.74,937.34,31.27,49,32.16,5.26,160.42
13:08:00,799.76,937.48,31.33,47,32.1,5.26,160.42
13:09:00,799.66,937.62,31.4,49,32.11,5.26,160.43
13:10:00,797.95,937.75,31.46,50,32.01,5.24,160.37
13:11:00,796.23,937.88,31.32,45,32.97,5.25,160.39
13:12:00,797.92,938.01,31.24,44,31.06,5.28,160.39
13:13:00,801.5,938.14,31.33,41,31.4,5.26,160.38
13:14:00,801.53,938.26,31.55,41,33.17,5.24,160.36
13:15:00,801.55,938.39,31.82,44,31.83,5.27,160.38
13:16:00,801.53,938.51,31.89,42,31.65,5.25,160.4
13:17:00,801.48,938.62,31.98,47,32.14,5.27,160.4
13:18:00,801.55,938.74,31.93,43,32.25,5.25,160.37
13:19:00,801.53,938.85,31.89,40,31.14,5.25,160.39
13:20:00,801.53,938.96,31.96,41,30.86,5.24,160.37
13:21:00,803.31,939.06,32.05,50,32.01,5.21,160.32
13:22:00,805.06,939.17,32.19,44,30.82,5.24,160.34
13:23:00,808.59,939.27,32.13,45,31.42,5.3,160.36
13:24:00,808.59,939.37,32.06,45,31.94,5.21,160.37
13:25:00,808.61,939.47,32.05,40,31.88,5.24,160.36
13:26:00,808.59,939.56,32.03,41,31.72,5.21,160.36
13:27:00,808.59,939.65,31.95,44,31.27,5.26,160.37
13:28:00,808.59,939.74,32.02,40,30.74,5.27,160.38
13:29:00,808.61,939.83,31.94,42,31.31,5.24,160.37
13:30:00,808.61,939.91,31.94,42,31.8,5.29,160.37
13:31:00,808.61,939.99,31.95,39,31.3,5.25,160.37
13:32:00,808.59,940.07,32.05,44,31.71,5.28,160.37
13:33:00,808.56,940.15,32.12,47,30.93,5.25,160.37
13:34:00,808.56,940.23,32,43,30.59,5.25,160.36
13:35:00,815.77,940.3,32.01,40,31.56,5.24,160.37
13:36:00,815.79,940.37,31.8,46,30.69,5.27,160.37
13:37:00,810.45,940.43,31.8,40,30.74,5.24,160.38
13:38:00,812.19,940.5,32.01,42,30.86,5.3,160.37
13:39:00,810.45,940.56,31.95,41,30.47,5.25,160.41
13:40:00,815.84,940.62,31.89,43,30.88,5.27,160.36
13:41:00,815.84,940.68,31.91,43,31,5.24,160.35
13:42:00,815.79,940.74,31.73,44,30.68,5.2,160.35
13:43:00,815.79,940.79,31.66,46,29.88,5.24,160.36
13:44:00,815.82,940.84,31.84,40,31.22,5.24,160.4
13:45:00,815.84,940.89,31.94,39,29.73,5.26,160.38
13:46:00,815.84,940.93,31.89,41,30.44,5.24,160.36
13:47:00,815.84,940.98,32.03,41,31.29,5.3,160.38
13:48:00,815.82,941.02,31.89,43,29.83,5.25,160.36
13:49:00,815.79,941.06,31.8,41,30.49,5.24,160.37
13:50:00,815.79,941.09,31.78,37,30.3,5.26,160.38
13:51:00,821.09,941.13,31.76,47,30.03,5.24,160.37
13:52:00,815.82,941.16,31.76,43,30.31,5.25,160.37
13:53:00,817.53,941.19,31.7,45,30.26,5.25,160.35
13:54:00,821.14,941.22,31.7,38,29.37,5.25,160.36
13:55:00,822.92,941.24,31.77,46,29.73,5.25,160.37
13:56:00,822.88,941.26,31.83,41,30,5.25,160.38
13:57:00,822.92,941.28,31.75,44,28.92,5.24,160.39
13:58:00,821.11,941.3,31.66,39,29.17,5.29,160.36
13:59:00,817.46,941.31,31.7,42,29.42,5.26,160.37
14:00:00,819.32,941.33,31.49,36,28.15,5.25,160.4
14:01:00,822.83,941.34,31.4,40,29.36,5.25,160.4
14:02:00,822.92,941.35,31.47,43,30.02,5.26,160.4
14:03:00,819.17,941.35,31.56,43,29.28,5.25,160.4
14:04:00,817.53,941.36,31.62,39,28.25,5.24,160.4
14:05:00,815.74,941.36,31.68,36,28.82,5.26,160.37
14:06:00,817.46,941.36,31.68,38,28.93,5.26,160.39
14:07:00,821.04,941.35,31.53,38,27.79,5.24,160.38
14:08:00,817.51,941.35,31.35,37,28.93,5.25,160.39
14:09:00,821.06,941.34,31.47,38,28.66,5.25,160.39
14:10:00,822.85,941.33,31.49,35,28.43,5.25,160.37
14:11:00,822.8,941.31,31.49,38,28.87,5.26,160.39
14:12:00,821.01,941.3,31.65,37,28.39,5.25,160.37
14:13:00,817.43,941.28,31.66,36,28.7,5.25,160.35
14:14:00,817.43,941.26,31.68,40,29.18,5.29,160.38
14:15:00,822.75,941.24,31.65,44,28.74,5.23,160.37
14:16:00,822.78,941.21,31.64,38,28.13,5.24,160.37
14:17:00,822.83,941.19,31.59,40,29.67,5.22,160.37
14:18:00,820.96,941.16,31.61,42,29.25,5.24,160.36
14:19:00,824.67,941.13,31.68,38,29.83,5.29,160.39
14:20:00,824.69,941.09,31.48,42,29.52,5.24,160.37
14:21:00,819.32,941.06,31.35,39,29.5,5.28,160.37
14:22:00,824.62,941.02,31.33,44,29.46,5.24,160.38
14:23:00,824.62,940.98,31.58,36,29.75,5.25,160.38
14:24:00,824.67,940.93,31.66,37,29.73,5.22,160.37
14:25:00,824.59,940.89,31.68,42,29.02,5.25,160.35
14:26:00,822.78,940.84,31.67,37,30.45,5.25,160.36
14:27:00,819.27,940.79,31.63,41,29.62,5.27,160.37
14:28:00,815.64,940.73,31.82,38,29.54,5.24,160.35
14:29:00,815.57,940.68,31.94,42,29.76,5.25,160.37
14:30:00,815.57,940.62,31.75,36,29.47,5.24,160.38
14:31:00,822.83,940.56,31.7,36,29.5,5.29,160.39
14:32:00,820.96,940.5,31.67,39,30.16,5.24,160.37
14:33:00,816.55,940.43,31.61,37,29.88,5.25,160.36
14:34:00,815.64,940.37,31.55,41,29,5.25,160.39
14:35:00,815.6,940.3,31.65,38,29.98,5.27,160.34
14:36:00,815.64,940.22,31.82,37,29.79,5.25,160.37
14:37:00,817.43,940.15,31.94,37,29.22,5.24,160.36
14:38:00,815.6,940.07,31.91,48,30.24,5.25,160.36
14:39:00,813.88,939.99,31.9,42,30.36,5.25,160.37
14:40:00,815.67,939.91,32.01,42,29.15,5.25,160.37
14:41:00,815.69,939.83,32.19,39,29.97,5.25,160.36
14:42:00,813.73,939.74,32.19,42,29.44,5.23,160.37
14:43:00,815.67,939.65,32.12,40,29.32,5.25,160.35
14:44:00,808.63,939.56,31.94,42,30.16,5.29,160.35
14:45:00,808.59,939.46,31.94,40,28.7,5.25,160.37
14:46:00,808.51,939.37,32.01,37,29.05,5.24,160.37
14:47:00,808.56,939.27,32.17,41,28.78,5.21,160.35
14:48:00,808.49,939.16,32.3,38,29.65,5.25,160.34
14:49:00,808.54,939.06,32.19,42,29.58,5.24,160.35
14:50:00,808.54,938.95,32.19,38,29.03,5.23,160.37
14:51:00,808.51,938.84,32.24,44,29.23,5.25,160.35
14:52:00,808.54,938.73,32.38,43,29.18,5.25,160.39
14:53:00,808.56,938.62,32.19,37,29.46,5.24,160.37
14:54:00,805.67,938.5,31.98,44,29.37,5.28,160.4
14:55:00,808.51,938.38,31.77,42,28.96,5.25,160.38
14:56:00,801.33,938.26,31.69,36,29.42,5.26,160.37
14:57:00,801.3,938.14,31.73,40,28.92,5.24,160.39
14:58:00,801.3,938.01,31.67,40,29.6,5.24,160.39
14:59:00,801.3,937.88,31.75,35,29.11,5.24,160.39
15:00:00,801.3,937.75,31.78,39,28.32,5.25,160.35
15:01:00,801.3,937.61,31.65,36,29.96,5.24,160.39
15:02:00,801.28,937.48,31.82,44,29.43,5.24,160.37
15:03:00,801.28,937.34,31.86,41,29.52,5.26,160.39
15:04:00,797.85,937.19,31.6,42,29.32,5.23,160.36
15:05:00,795.99,937.05,31.52,39,28.94,5.23,160.38
15:06:00,794.15,936.9,31.52,36,29.61,5.26,160.37
15:07:00,794.15,936.75,31.55,40,28.35,5.26,160.35
15:08:00,794.15,936.6,31.62,40,28.48,5.24,160.32
15:09:00,794.15,936.44,31.63,35,29.66,5.24,160.38
15:10:00,788.85,936.28,31.58,44,27.99,5.24,160.37
15:11:00,792.46,936.12,31.56,41,28.8,5.26,160.36
15:12:00,787.58,935.96,31.62,37,28.53,5.26,160.37
15:13:00,787.01,935.79,31.63,40,27.67,5.24,160.36
15:14:00,790.62,935.62,31.8,43,28.59,5.24,160.35
15:15:00,785.27,935.45,31.76,36,29.04,5.25,160.36
15:16:00,785.27,935.27,31.72,39,27.85,5.25,160.36
15:17:00,785.25,935.1,31.73,36,28.76,5.25,160.36
15:18:00,783.22,934.92,31.86,35,28.34,5.2,160.4
15:19:00,778.14,934.73,31.88,41,27.67,5.26,160.37
15:20:00,778.14,934.55,31.77,36,28.22,5.28,160.37
15:21:00,775.71,934.36,31.73,37,27.77,5.24,160.36
15:22:00,778.12,934.17,31.85,35,28.25,5.2,160.34
15:23:00,778.14,933.97,31.92,39,27.96,5.28,160.35
15:24:00,770.96,933.77,31.82,36,28.72,5.26,160.4
15:25:00,770.91,933.57,31.73,37,27.53,5.26,160.36
15:26:00,770.91,933.37,31.89,37,27.92,5.24,160.35
15:27:00,770.91,933.16,31.96,35,27.57,5.25,160.38
15:28:00,770.93,932.95,32.05,36,27.49,5.28,160.35
15:29:00,769.1,932.74,32.13,44,27.95,5.25,160.36
15:30:00,763.85,932.53,31.88,42,27.71,5.24,160.35
15:31:00,762.92,932.31,31.59,40,27.85,5.27,160.35
15:32:00,762.92,932.09,31.42,35,27.58,5.25,160.36
15:33:00,763.02,931.87,31.56,33,27.07,5.25,160.36
15:34:00,762.45,931.64,31.5,41,27.47,5.28,160.38
15:35:00,762.38,931.41,31.42,44,27.13,5.25,160.39
15:36:00,758.43,931.18,31.24,35,27.07,5.29,160.38
15:37:00,758.43,930.94,31.21,38,26.36,5.25,160.35
15:38:00,756.64,930.7,31.01,37,26.58,5.25,160.34
15:39:00,756.72,930.46,30.8,41,27.15,5.25,160.37
15:40:00,756.67,930.21,30.6,35,26.89,5.25,160.38
15:41:00,756.67,929.96,30.57,37,26.2,5.25,160.38
15:42:00,751.3,929.71,30.63,36,26.74,5.26,160.38
15:43:00,749.49,929.46,30.59,37,25.81,5.24,160.34
15:44:00,749.49,929.2,30.62,36,26.27,5.25,160.36
15:45:00,747.77,928.94,30.63,37,25.88,5.24,160.39
15:46:00,747.8,928.67,30.67,33,25.71,5.24,160.36
15:47:00,747.8,928.41,30.57,36,25.5,5.26,160.37
15:48:00,747.8,928.14,30.47,33,25.99,5.24,160.36
15:49:00,740.56,927.86,30.47,35,25.14,5.25,160.35
15:50:00,742.43,927.58,30.47,35,25.35,5.24,160.34
15:51:00,740.54,927.3,30.61,37,24.85,5.24,160.33
15:52:00,740.54,927.02,30.47,32,25.37,5.24,160.35
15:53:00,738.73,926.73,30.76,34,24.5,5.19,160.34
15:54:00,738.75,926.44,31.18,34,25.27,5.25,160.31
15:55:00,733.43,926.14,31.53,33,25.93,5.24,160.33
15:56:00,733.41,925.85,31.89,37,24.53,5.24,160.33
15:57:00,733.41,925.54,32.08,36,24.59,5.26,160.33
15:58:00,731.72,925.24,31.96,32,24.57,5.26,160.35
15:59:00,728.14,924.93,31.59,32,24.38,5.24,160.34
16:00:00,732.72,924.62,31.37,33,24.36,5.25,160.33
16:01:00,726.3,924.3,31.05,33,24.38,5.26,160.33
16:02:00,726.27,923.98,30.98,33,24.35,5.24,160.34
16:03:00,724.53,923.66,31.06,33,24.08,5.24,160.31
16:04:00,719.16,923.33,31.13,29,23.96,5.21,160.33
16:05:00,719.19,923,31.21,32,23.35,5.23,160.31
16:06:00,719.19,922.67,31.49,32,23.59,5.25,160.32
16:07:00,719.12,922.33,31.82,31,23.03,5.24,160.33
16:08:00,717.35,921.99,32.17,35,23,5.24,160.32
16:09:00,711.98,921.64,32.09,34,23.81,5.27,160.35
16:10:00,710.17,921.29,31.84,33,22.98,5.25,160.35
16:11:00,710.19,920.94,31.89,40,23.12,5.24,160.33
16:12:00,710.14,920.58,31.89,30,23.62,5.24,160.31
16:13:00,704.9,920.22,31.61,32,23.19,5.24,160.32
16:14:00,703.06,919.86,31.59,30,23.24,5.24,160.32
16:15:00,703.13,919.49,31.49,31,23.17,5.29,160.31
16:16:00,703.06,919.12,31.58,30,23.52,5.25,160.33
16:17:00,703.06,918.74,31.66,29,23.03,5.24,160.34
16:18:00,703.06,918.36,31.49,39,22.92,5.24,160.3
16:19:00,695.98,917.97,31.15,27,23.1,5.27,160.33
16:20:00,695.95,917.58,31.06,29,22.6,5.25,160.32
16:21:00,695.93,917.19,30.95,29,22.79,5.25,160.35
16:22:00,690.63,916.79,31.13,32,22.49,5.24,160.33
16:23:00,688.82,916.39,30.97,38,22.19,5.25,160.32
16:24:00,688.79,915.98,30.82,30,22.45,5.24,160.32
16:25:00,683.38,915.57,31.02,29,22.2,5.26,160.35
16:26:00,679.85,915.16,30.99,28,22.23,5.24,160.32
16:27:00,679.85,914.74,30.62,28,22.25,5.23,160.32
16:28:00,679.82,914.31,30.45,29,22.07,5.24,160.33
16:29:00,678.11,913.88,30.45,33,21.74,5.24,160.29
16:30:00,672.71,913.45,30.42,30,22.17,5.24,160.31
16:31:00,672.69,913.01,30.59,32,21.44,5.24,160.29
16:32:00,672.67,912.57,30.55,27,21.89,5.24,160.32
16:33:00,667.35,912.12,30.48,28,21.56,5.24,160.3
16:34:00,665.53,911.67,30.53,31,21.53,5.24,160.33
16:35:00,665.53,911.22,30.52,26,21.82,5.24,160.31
16:36:00,662,910.76,30.38,29,21.55,5.24,160.31
16:37:00,658.35,910.29,30.37,27,21.22,5.24,160.32
16:38:00,658.33,909.82,30.44,28,21.37,5.24,160.29
16:39:00,651.24,909.34,30.62,28,21.17,5.24,160.32
16:40:00,651.19,908.86,30.74,35,21.23,5.24,160.29
16:41:00,644.04,908.38,30.63,27,21.2,5.26,160.33
16:42:00,642.37,907.89,30.64,27,20.57,5.24,160.32
16:43:00,642.32,907.39,30.71,29,20,5.25,160.29
16:44:00,636.95,906.89,30.72,26,20.33,5.25,160.32
16:45:00,635.14,906.39,30.71,30,20.36,5.24,160.32
16:46:00,635.14,905.87,30.73,28,20.17,5.25,160.3
16:47:00,635.14,905.36,30.82,27,19.68,5.24,160.34
16:48:00,635.14,904.84,30.8,31,19.76,5.24,160.34
16:49:00,628.05,904.31,30.35,27,19.8,5.24,160.33
16:50:00,628.05,903.78,30.31,27,20.1,5.23,160.29
16:51:00,628,903.24,30.32,27,20.13,5.24,160.31
16:52:00,624.43,902.69,30.41,29,19.9,5.24,160.32
16:53:00,620.92,902.14,30.61,27,19.6,5.24,160.34
16:54:00,620.87,901.59,30.74,26,19.63,5.22,160.33
16:55:00,620.9,901.03,30.46,26,19.95,5.24,160.32
16:56:00,613.74,900.46,30.47,27,19.68,5.23,160.28
16:57:00,611.95,899.89,30.43,26,19.72,5.23,160.29
16:58:00,611.92,899.31,30.63,27,19.31,5.25,160.33
16:59:00,610.58,898.73,30.68,27,19.07,5.24,160.34
17:00:00,604.82,898.14,30.47,28,18.63,5.25,160.32
17:01:00,604.79,897.54,30.38,36,19.15,5.24,160.41
17:02:00,604.74,896.94,30.24,27,18.6,5.24,160.34
17:03:00,597.66,896.33,30.25,27,19.37,5.25,160.31
17:04:00,597.61,895.71,30.32,28,19.23,5.25,160.32
17:05:00,597.58,895.09,30.27,27,18.91,5.24,160.31
17:06:00,590.53,894.46,30.19,27,18.32,5.23,160.31
17:07:00,590.53,893.83,30.29,24,18.84,5.24,160.29
17:08:00,590.55,893.19,30.57,24,18.41,5.24,160.28
17:09:00,583.34,892.54,30.47,25,18.26,5.24,160.28
17:10:00,579.76,891.89,30.46,24,18.08,5.24,160.29
17:11:00,576.16,891.22,30.33,25,17.92,5.24,160.3
17:12:00,574.45,890.56,30.41,24,17.99,5.24,160.3
17:13:00,574.47,889.88,30.51,27,17.99,5.24,160.32
17:14:00,574.45,889.2,30.64,25,17.45,5.24,160.31
17:15:00,567.29,888.51,30.7,28,17.78,5.24,160.27
17:16:00,567.26,887.81,30.73,23,17.62,5.23,160.29
17:17:00,565.55,887.11,30.65,23,17.63,5.24,160.28
17:18:00,560.18,886.4,30.61,23,17.36,5.24,160.28
17:19:00,553,885.68,30.72,23,17.57,5.23,160.28
17:20:00,553.02,884.96,30.92,24,16.77,5.24,160.29
17:21:00,553.02,884.22,31.02,25,16.96,5.24,160.3
17:22:00,553,883.48,30.92,25,16.95,5.24,160.31
17:23:00,545.79,882.73,30.86,25,16.72,5.24,160.31
17:24:00,544.1,881.97,30.83,25,16.47,5.23,160.29
17:25:00,536.92,881.21,31,23,16.85,5.24,160.26
17:26:00,536.92,880.44,31.23,23,16.65,5.24,160.26
17:27:00,531.65,879.66,31.1,24,16.47,5.23,160.27
17:28:00,529.86,878.87,31,23,16.43,5.24,160.28
17:29:00,529.88,878.07,31.19,23,16.25,5.24,160.28
17:30:00,529.83,877.26,31.46,25,16.07,5.23,160.29
17:31:00,522.73,876.45,31.68,25,15.86,5.24,160.29
17:32:00,522.75,875.62,31.83,24,15.97,5.24,160.28
17:33:00,522.7,874.79,31.57,25,16.04,5.23,160.29
17:34:00,515.52,873.95,31.02,24,15.87,5.24,160.29
17:35:00,515.52,873.1,31.02,24,15.56,5.24,160.29
17:36:00,510.2,872.24,31.2,24,15.49,5.24,160.27
17:37:00,506.62,871.37,31.24,0,15.76,5.23,160.28
17:38:00,506.6,870.49,31.38,0,15.34,5.24,160.27
17:39:00,502.75,869.61,31.46,0,15.54,5.23,160.3
17:40:00,499.46,868.71,31.42,0,15.11,5.23,160.3
17:41:00,495.88,867.8,31.43,23,15.66,5.23,160.26
17:42:00,492.38,866.88,31.41,23,15.4,5.24,160.28
17:43:00,488.73,865.96,31.49,23,15.08,5.24,160.27
17:44:00,485.15,865.02,31.18,23,15.05,5.23,160.28
17:45:00,485.2,864.07,30.83,24,15.41,5.23,160.28
17:46:00,477.99,863.12,30.76,25,14.79,5.24,160.29
17:47:00,478.01,862.15,30.89,24,15.15,5.24,160.28
17:48:00,472.7,861.17,31.18,24,14.74,5.24,160.28
17:49:00,469.14,860.18,31.51,24,14.81,5.24,160.3
17:50:00,465.56,859.18,31.59,23,14.66,5.24,160.28
17:51:00,461.94,858.17,31.46,24,14.64,5.24,160.28
17:52:00,461.94,857.14,31.05,24,14.56,5.24,160.26
17:53:00,461.96,856.11,30.65,24,14.12,5.24,160.29
17:54:00,454.88,855.06,30.41,23,14.57,5.24,160.28
17:55:00,454.88,854.01,30.38,0,14.3,5.23,160.27
17:56:00,447.74,852.94,30.47,0,14.23,5.24,160.28
17:57:00,447.74,851.85,30.6,0,14.4,5.24,160.26
17:58:00,447.74,850.76,30.49,0,14.42,5.24,160.27
17:59:00,442.33,849.65,30.4,0,14.05,5.25,160.27
18:00:00,438.75,848.53,30.36,0,14.04,5.24,160.28
18:01:00,433.38,847.4,30.31,0,13.74,5.24,160.27
18:02:00,431.64,846.26,30.31,0,13.19,5.23,160.27
18:03:00,428.03,845.1,30.26,0,13.71,5.24,160.29
18:04:00,424.46,843.93,30.21,23,13.22,5.24,160.29
18:05:00,424.46,842.74,30.28,0,13.25,5.24,160.28
18:06:00,417.35,841.54,30.3,0,13.24,5.24,160.26
18:07:00,415.58,840.33,30.25,0,12.64,5.24,160.3
18:08:00,410.21,839.1,30.37,0,12.82,5.24,160.3
18:09:00,410.24,837.86,30.43,23,12.84,5.24,160.29
18:10:00,403.08,836.61,30.34,0,12.21,5.24,160.29
18:11:00,401.27,835.33,30.45,0,12.15,5.23,160.29
18:12:00,401.24,834.05,30.56,0,11.96,5.24,160.29
18:13:00,394.16,832.75,30.72,23,12.25,5.22,160.28
18:14:00,394.18,831.43,30.96,0,11.95,5.24,160.29
18:15:00,390.56,830.1,30.86,23,11.52,5.23,160.3
18:16:00,386.93,828.75,30.61,0,11.69,5.22,160.28
18:17:00,386.9,827.38,30.44,0,11.63,5.24,160.27
18:18:00,386.93,826,30.34,0,11.73,5.23,160.26
18:19:00,379.84,824.6,30.17,0,11.41,5.23,160.25
18:20:00,372.74,823.19,30.04,0,11.35,5.24,160.25
18:21:00,372.71,821.76,30.19,0,10.78,5.24,160.26
18:22:00,367.37,820.31,30.43,0,10.88,5.23,160.27
18:23:00,363.84,818.84,30.68,0,10.7,5.23,160.27
18:24:00,363.79,817.35,30.72,0,10.28,5.23,160.26
18:25:00,356.66,815.85,30.51,0,10.47,5.23,160.26
18:26:00,344.18,814.32,30.55,0,10.13,5.23,160.26
18:27:00,349.47,812.78,30.64,0,9.67,5.23,160.26
18:28:00,349.5,811.22,30.65,0,9.81,5.24,160.26
18:29:00,349.5,809.63,30.67,0,9.88,5.23,160.25
18:30:00,342.37,808.03,30.78,0,9.62,5.22,160.25
18:31:00,342.37,806.41,30.72,0,9.35,5.24,160.26
18:32:00,342.32,804.77,30.46,0,9.29,5.24,160.26
18:33:00,333.42,803.1,30.44,0,9.32,5.24,160.27
18:34:00,333.44,801.42,30.72,0,8.94,5.23,160.25
18:35:00,326.31,799.71,30.88,0,8.99,5.23,160.24
18:36:00,326.29,797.98,30.9,0,8.77,5.23,160.22
18:37:00,319.1,796.22,30.82,0,8.9,5.23,160.23
18:38:00,319.13,794.45,30.93,0,8.41,5.22,160.24
18:39:00,312.02,792.65,31.01,0,8.4,5.22,160.23
18:40:00,304.84,790.82,30.99,0,7.99,5.23,160.21
18:41:00,304.86,788.98,30.93,0,7.9,5.23,160.21
18:42:00,304.86,787.1,30.85,0,7.64,5.21,160.2
18:43:00,297.68,785.21,30.8,0,7.56,5.22,160.18
18:44:00,295.94,783.28,30.58,0,7.8,5.21,160.18
18:45:00,295.94,781.33,30.34,0,7.25,5.21,160.16
18:46:00,288.76,779.36,30.39,0,7.25,5.21,160.15
18:47:00,288.76,777.35,30.64,0,7.11,5.21,160.15
18:48:00,287.04,775.32,30.63,0,6.93,5.21,160.12
18:49:00,281.62,773.26,30.58,0,6.79,5.2,160.1
18:50:00,281.62,771.17,30.62,0,6.8,5.2,160.07
18:51:00,274.49,769.06,30.54,0,6.67,5.2,160.05
18:52:00,232.28,766.91,30.53,0,6.25,5.19,160.02
18:53:00,181.49,764.73,30.55,0,5.1,5.17,159.96
18:54:00,258.41,762.52,30.54,0,4.04,5.15,159.85
18:55:00,251.2,760.28,30.58,0,6.4,5.16,159.77
18:56:00,179.95,758.01,30.51,0,5.42,5.14,159.74
18:57:00,138.87,755.7,30.38,0,2.46,5.11,159.62
18:58:00,131.71,753.37,30.35,0,0.47,5.08,159.4
18:59:00,217.28,750.99,30.28,0,1.44,5.06,159.18
19:00:00,148.13,748.58,30.37,0,3.91,5.05,159.18
19:01:00,235.12,746.14,30.45,0,2.7,5.02,159.09
19:02:00,236.91,743.66,30.43,0,5.06,5.01,158.96
19:03:00,236.91,741.14,30.37,0,5.54,5,158.91
19:04:00,229.73,738.59,30.41,0,4.59,5,158.87
19:05:00,220.91,735.99,30.27,0,4.69,4.99,158.79
19:06:00,183.67,733.36,30.03,0,4.36,4.97,158.7
19:07:00,220.88,730.69,29.81,0,2.82,4.95,158.61
19:08:00,213.75,727.97,29.63,0,4.64,4.95,158.45
19:09:00,138.82,725.22,29.59,0,3.55,4.93,158.39
19:10:00,147.79,722.42,29.66,0,1.39,4.9,158.21
19:11:00,195.95,719.57,29.67,0,2.89,4.88,158.06
19:12:00,176.05,716.68,29.57,0,2.86,4.87,157.96
19:13:00,135.38,713.75,29.52,0,2.19,4.83,157.83
19:14:00,129.87,710.77,29.48,0,1.36,4.82,157.72
19:15:00,122.71,707.74,29.53,0,0.36,4.79,157.51
19:16:00,115.6,704.66,29.62,0,0.77,4.76,157.38
19:17:00,115.58,701.53,29.53,0,0.2,4.73,157.26
19:18:00,115.6,698.35,29.41,0,0,4.71,157.12
19:19:00,108.45,695.12,29.3,0,0.19,4.68,156.94
19:20:00,108.47,691.84,29.26,0,0.24,4.66,156.77
19:21:00,108.45,688.5,29.24,0,0.01,4.64,156.59
19:22:00,108.45,685.1,29.3,0,0.09,4.62,156.41
19:23:00,110.24,681.65,29.44,0,0.72,4.59,156.23
19:24:00,110.26,678.14,29.7,0,1.57,4.57,156.05
19:25:00,101.29,674.56,29.7,0,0.19,4.54,155.87
19:26:00,122.66,670.93,29.64,0,0.24,4.51,155.69
19:27:00,138.77,667.23,29.6,0,1.63,4.49,155.51
19:28:00,94.25,663.47,29.69,0,1.88,4.47,155.51
19:29:00,85.28,659.65,29.64,0,-0.03,4.45,155.18
19:30:00,85.26,655.75,29.65,0,0.07,4.43,155.18
19:31:00,78.08,651.79,29.63,0,0.54,4.4,155
19:32:00,76.34,647.75,29.51,0,-0.13,4.37,154.82
19:33:00,70.94,643.64,29.48,0,0.08,4.36,154.64
19:34:00,70.94,639.46,29.43,0,0.16,4.33,154.46
19:35:00,70.92,635.2,29.37,0,0.31,4.31,154.27
19:36:00,63.83,630.86,29.36,0,0.19,4.29,154.1
19:37:00,65.48,626.44,29.36,0,0.07,4.26,153.92
19:38:00,85.21,621.94,29.26,0,0.2,4.25,153.75
19:39:00,89.84,617.36,29.1,0,0.03,4.22,153.57
19:40:00,101.26,612.68,29.09,0,1.51,4.2,153.39
19:41:00,72.78,607.92,29.09,0,1.29,4.18,153.21
19:42:00,70.94,603.07,29.16,20,-0.89,4.15,153.05
19:43:00,63.83,598.12,29.25,20,0.06,4.12,152.87
19:44:00,70.97,593.08,29.24,20,0.4,4.1,152.69
19:45:00,63.81,587.93,29.25,20,0.07,4.08,152.49
19:46:00,63.81,582.69,29.32,0,0.03,4.07,152.49
19:47:00,63.81,577.34,29.36,20,0.09,4.04,152.32
19:48:00,63.79,571.89,29.25,0,0.07,4.01,152.14
19:49:00,63.79,566.32,29.18,0,0.02,3.99,151.96
19:50:00,63.76,560.64,29.09,0,0.16,3.98,151.79
19:51:00,63.79,554.85,28.97,20,-0.05,3.94,151.6
19:52:00,70.97,548.93,28.93,0,0,3.92,151.42
19:53:00,70.94,542.9,28.98,0,0,3.9,151.27
19:54:00,70.92,536.74,29.11,0,0,3.88,151.09
19:55:00,78.05,530.45,29.1,0,0,3.87,150.94
19:56:00,78.03,524.02,29.11,0,0,3.85,150.79
19:57:00,81.56,517.46,29.09,0,0,3.84,150.67
19:58:00,85.16,510.76,29.2,0,0,3.82,150.57
19:59:00,85.16,503.92,29.2,0,0,3.81,150.57
20:00:00,85.18,496.93,29.2,0,0,3.81,150.37
20:01:00,85.16,489.79,29.16,0,0,3.79,150.37
20:02:00,85.14,482.49,29.06,20,0,3.78,150.28
20:03:00,83.35,475.03,28.92,20,0,3.77,150.19
20:04:00,78,467.4,28.92,20,0,3.76,150.12
20:05:00,78.03,459.61,28.99,21,0,3.75,150.04
20:06:00,78,451.65,28.88,20,0,3.74,149.95
20:07:00,77.98,443.51,28.83,20,0,3.73,149.86
20:08:00,77.98,435.18,28.81,22,0,3.73,149.74
20:09:00,77.98,426.67,28.83,21,0,3.72,149.72
20:10:00,74.42,417.97,28.83,21,0,3.7,149.6
20:11:00,70.89,409.08,28.84,22,0,3.69,149.51
20:12:00,70.84,399.98,28.8,22,0,3.68,149.45
20:13:00,70.87,390.68,28.79,23,0,3.67,149.34
20:14:00,63.74,381.18,28.9,22,0,3.67,149.28
20:15:00,63.74,371.46,28.95,22,0,3.65,149.22
20:16:00,63.71,361.53,29.05,22,0,3.64,149.13
20:17:00,54.74,351.38,29.02,22,0,3.63,149.04
20:18:00,54.74,341,29.09,22,0,3.62,148.95
20:19:00,51.21,330.41,28.9,23,0,3.61,148.87
20:20:00,47.63,319.59,28.81,22,0,3.61,148.78
20:21:00,47.61,308.54,28.7,24,0,3.58,148.78
20:22:00,44.1,297.27,28.61,24,0,3.57,148.6
20:23:00,40.47,285.77,28.52,24,0,3.56,148.51
20:24:00,40.5,274.05,28.36,23,0,3.55,148.42
20:25:00,35.11,262.12,28.27,23,0,3.54,148.42
20:26:00,33.39,249.97,28.2,23,0,3.53,148.33
20:27:00,33.37,237.62,28.19,23,0,3.53,148.24
20:28:00,33.37,225.08,28.17,24,0,3.52,148.16
20:29:00,31.6,212.36,28.17,24,0,3.51,148.07
20:30:00,26.23,199.49,28.23,23,0,3.5,147.98
20:31:00,26.26,186.48,28.35,24,0,3.48,147.88
20:32:00,26.28,173.36,28.48,24,0,3.47,147.81
20:33:00,26.26,160.17,28.56,24,0,3.46,147.72
20:34:00,26.28,146.95,28.48,24,0,3.45,147.63
20:35:00,24.44,133.75,28.4,24,0,3.44,147.52
20:36:00,17.36,120.63,28.27,24,0,3.43,147.44
20:37:00,17.33,107.65,28.15,24,0,3.42,147.35
20:38:00,17.33,94.89,28.06,24,0,3.41,147.27
20:39:00,17.31,82.46,28,24,0,3.39,147.27
20:40:00,17.26,70.45,27.95,24,0,3.39,147.09
20:41:00,17.26,58.99,27.93,24,0,3.38,147.09
20:42:00,17.26,48.21,27.98,24,0,3.37,146.99
20:43:00,13.73,38.24,28.09,24,0,3.37,146.9
20:44:00,1.25,29.24,28.11,24,0,3.35,146.8
20:45:00,1.3,21.34,28.08,24,0,3.34,146.72
20:46:00,1.25,14.68,27.95,24,0,3.34,146.63
20:47:00,1.23,9.34,27.89,24,0,3.32,146.53
20:48:00,1.25,5.35,27.8,24,0,3.3,146.43
20:49:00,1.25,2.65,27.77,24,0,3.29,146.36
20:50:00,1.25,1.06,27.89,24,0,3.29,146.27
20:51:00,1.28,0.3,28.04,23,0,3.27,146.18
20:52:00,1.21,0.05,28.05,23,0,3.27,146.07
20:53:00,1.21,0,28.01,23,0,3.26,146.07
20:54:00,1.23,0,28.02,23,0,3.25,145.99
20:55:00,1.23,0,27.99,23,0,3.24,145.82
20:56:00,1.25,0,27.96,24,0,3.23,145.74
20:57:00,1.21,0,27.9,23,0,3.22,145.74
20:58:00,1.23,0,27.83,23,0,3.21,145.64
20:59:00,1.21,0,27.78,23,0,3.2,145.55
21:00:00,1.21,0,27.74,23,0,3.19,145.46
21:01:00,1.21,0,27.73,23,0,3.18,145.38
21:02:00,1.21,0,27.7,23,0,3.17,145.28
21:03:00,1.21,0,27.7,23,0,3.17,145.18
21:04:00,1.21,0,27.73,23,0,3.15,145.1
21:05:00,1.18,0,27.72,23,0,3.14,144.99
21:06:00,1.18,0,27.73,22,0,3.13,144.91
21:07:00,1.18,0,27.78,23,0,3.11,144.82
21:08:00,1.18,0,27.8,23,0,3.11,144.74
21:09:00,1.18,0,27.83,22,0,3.1,144.74
21:10:00,1.18,0,27.94,22,0,3.09,144.57
21:11:00,1.16,0,28.02,22,0,3.09,144.48
21:12:00,1.16,0,28.03,22,0,3.08,144.38
21:13:00,1.18,0,27.95,22,0,3.07,144.38
21:14:00,1.16,0,27.83,22,0,3.05,144.31
21:15:00,1.16,0,27.71,22,0,3.05,144.23
21:16:00,1.11,0,27.58,22,0,3.03,144.14
21:17:00,1.21,0,27.48,22,0,3.02,144.05
21:18:00,1.16,0,27.46,22,0,3.02,143.95
21:19:00,1.13,0,27.41,21,0,3.02,143.9
21:20:00,1.16,0,27.33,21,0,3,143.81
21:21:00,1.13,0,27.29,21,0,2.99,143.73
21:22:00,1.13,0,27.22,21,0,2.99,143.63
21:23:00,1.13,0,27.18,21,0,2.98,143.55
21:24:00,1.16,0,27.18,21,0,2.96,143.47
21:25:00,1.13,0,27.16,21,0,2.96,143.39
21:26:00,1.16,0,27.14,21,0,2.94,143.29
21:27:00,1.13,0,27.11,0,0,2.94,143.22
21:28:00,1.13,0,27.09,0,0,2.94,143.22
21:29:00,1.18,0,27.06,0,0,2.93,143.14
21:30:00,1.13,0,27.06,0,0,2.92,143.04
21:31:00,1.16,0,27.04,0,0,2.89,142.95
21:32:00,1.16,0,27.01,0,0,2.9,142.88
21:33:00,1.13,0,26.98,0,0,2.92,142.79
21:34:00,1.13,0,26.97,0,0,2.88,142.71
21:35:00,1.13,0,26.95,0,0,2.87,142.64
21:36:00,1.11,0,26.96,0,0,2.88,142.52
21:37:00,1.13,0,26.98,0,0,2.88,142.47
21:38:00,1.11,0,27.06,0,0,2.86,142.37
21:39:00,1.11,0,27.14,0,0,2.84,142.3
21:40:00,1.11,0,27.2,0,0,2.83,142.19
21:41:00,1.11,0,27.23,0,0,2.82,142.17
21:42:00,1.11,0,27.28,0,0,2.82,142.06
21:43:00,1.11,0,27.22,0,0,2.81,142.06
21:44:00,1.13,0,27.16,0,0,2.8,141.92
21:45:00,1.11,0,27.1,0,0,2.79,141.85
21:46:00,1.11,0,27.08,0,0,2.78,141.76
21:47:00,1.11,0,27.04,0,0,2.78,141.66
21:48:00,1.11,0,27.02,0,0,2.77,141.66
21:49:00,1.11,0,27,0,0,2.75,141.59
21:50:00,1.11,0,26.99,0,0,2.76,141.5
21:51:00,1.13,0,27.05,0,0,2.74,141.42
21:52:00,1.11,0,27.06,0,0,2.73,141.32
21:53:00,1.11,0,26.98,0,0,2.73,141.26
21:54:00,1.08,0,26.96,0,0,2.72,141.18
21:55:00,1.13,0,26.95,0,0,2.71,141.09
21:56:00,1.11,0,26.92,0,0,2.69,141.01
21:57:00,1.11,0,26.95,0,0,2.7,140.92
21:58:00,1.11,0,26.97,0,0,2.69,140.85
21:59:00,1.08,0,26.97,0,0,2.69,140.76
